Post Name,Post URL,Meta Description
WHAT PEOPLE SAY ABOUT SOLOMON DESIGNS TECHNICAL SEO SERVICES,https://solomondesigns.co.uk#services,Solomon Designs is a Technical SEO Services Company Solomon Designs Technical SEO Services has been around for more than 12 years. Its success has been
WHAT PEOPLE SAY ABOUT SOLOMON DESIGNS TECHNICAL SEO SERVICES,https://solomondesigns.co.uk#services,Solomon Designs is a Technical SEO Services Company Solomon Designs Technical SEO Services has been around for more than 12 years. Its success has been
WHAT PEOPLE SAY ABOUT SOLOMON DESIGNS TECHNICAL SEO SERVICES,https://solomondesigns.co.uk#services,Solomon Designs is a Technical SEO Services Company Solomon Designs Technical SEO Services has been around for more than 12 years. Its success has been
How Google Uses PageSpeed Insights,https://solomondesigns.co.uk/2024/06/13/what-is-google-page-speed-insights-tool/,"Google Pagespeed Insights Optimization,also known as PSI, is an online Google tool that evaluates the loading speed of a web page."
Technical SEO best practices,https://ahrefs.com/blog/seo-checklist/#technical-seo-checklist,Technical SEO is the practice of increasing online visibility in search engine results pages.
What is a B2B Website?,https://solomondesigns.co.uk/the-average-cost-of-website-design-for-small-to-medium-businesses/,The Solomon Designs B2B (Business to Business) website team focuses on building websites.
Our WordPress Website Design Work & Case Studies,https://solomondesigns.co.uk/the-average-cost-of-website-design-for-small-to-medium-businesses/,"As smartphone and tablet adoption rapidly increases, so does the importance of mobile-friendly websites."
What is the average cost of website design for a small business?,https://solomondesigns.co.uk/2019/06/05/what-kind-of-website-can-i-build-with-wordpress/,There are several different types of websites that could be broken down into eight different categories.
Key features,https://solomondesigns.co.uk/2021/11/08/what-to-look-for-in-a-friendly-content-management-system/,"Joomla! is a free and open-source, award-winning content management system (CMS) for publishing web content."
Squarespace Website,https://solomondesigns.co.uk/the-average-cost-of-website-design-for-small-to-medium-businesses/,Squarespace is an American SaaS-based website building and hosting company. It provides software as a service for website building and hosting.
Why Choose Shopify?,https://solomondesigns.co.uk/work/,Several platforms exist to make it easier than ever to launch an e-commerce store.
Regular Website Maintenance,https://solomondesigns.co.uk/work/,Website maintenance refers to the tasks required to keep your website functioning properly and up to date.
SEO Audit,https://solomondesigns.co.uk/seo-services/,"We are experts at ranking websites at the top of search engines like Google, driving traffic, and increasing sales with WordPress-specific Search Engines"
Why we Recommend WordPress,https://solomondesigns.co.uk/the-average-cost-of-website-design-for-small-to-medium-businesses/,We're a small team passionate about building great websites for clients across Scotland and beyond. We create high-quality websites.
Typical WordPress SEO Challenges,https://solomondesigns.co.uk/work/,"WordPress is the world's most popular content management system, which runs 35% of the entire internet."
WordPress SEO,https://solomondesigns.co.uk/wordpress-seo-services/,WordPress started out as a blogging platform in 2003 but quickly pivoted.
What Slows Down Your WordPress Website?,https://en.wikipedia.org/wiki/Search_engine_optimization,We work close with our clients to provide affordable speed optimization services that brin results and return of investment.
